{
  "phonenumber":[
    {"firstName":"John", "lastName":"Doe","phone":"77719192"},
    {"firstName":"Anna",	"lastName":"Smith","phone":"77719192"},
    {"firstName":"Peter", "lastName":"Jones","phone":"77719192"},
    {"firstName":"Peter", "lastName":"Jones","phone":"77719192"},
    {"firstName":"Peter", "lastName":"Jones","phone":"77719192"},
    {"firstName":"Peter", "lastName":"Jones","phone":"77719192"},
    {"firstName":"Peter", "lastName":"Jones","phone":"77719192"},
    {"firstName":"Peter", "lastName":"Jones","phone":"77719192"},
    {"firstName":"Peter", "lastName":"Jones","phone":"77719192"},
    {"firstName":"Peter", "lastName":"Jones","phone":"77719192"}
  ]
}